title,author,year,date,series,number,language,citation,link
"Ampliación a las Observaciones del CELE a la Solicitud de Opinión Consultiva sobre Democracia y su protección ante el Sistema Interamericano de Derechos Humanos presentada por Guatemala ante la Corte Interamericana de Derechos Humanos";CELE;2026;2026-04-01;Documento de posición;41;ESP;"CELE, “Ampliación a las Observaciones del CELE a la Solicitud de Opinión Consultiva sobre Democracia y su protección ante el Sistema Interamericano de Derechos Humanos presentada por Guatemala ante la Corte Interamericana de Derechos Humanos 
”, Documento de posición No. 41 (ESP), Centro de Estudios en Libertad de Expresión (CELE), Buenos Aires (2026)";https://www.palermo.edu/Archivos_content/2026/cele/abril/41_DP.pdf
"Contribución del Centro de Estudios en Libertad de Expresión a la Consulta - Impacto de la Inteligencia Artificial en los Derechos Humanos en las Américas de la RELE/CIDH
";CELE;2026;2026-03-02;Documento de posición;40;ESP;"CELE, “Contribución del Centro de Estudios en Libertad de Expresión a la Consulta - Impacto de la Inteligencia Artificial en los Derechos Humanos en las Américas de la RELE/CIDH
”, Documento de posición No. 40 (ESP), Centro de Estudios en Libertad de Expresión (CELE), Buenos Aires (2026)";https://www.palermo.edu/Archivos_content/2026/cele/marzo/DP_40.pdf
Amicus Curiae en la revisión de acción de tutela instaurada por César Augusto Lorduy Maldonado en contra de la red social X y otros.;CELE;2026;2026-02-13;Documento de posición;39;ESP;CELE, “Amicus Curiae en la revisión de acción de tutela instaurada por César Augusto Lorduy Maldonado en contra de la red social X y otros.”, Documento de posición No. 39 (ESP), Centro de Estudios en Libertad de Expresión (CELE), Buenos Aires (2026);https://www.palermo.edu/Archivos_content/2026/cele/febrero/dp39.pdf
"Amicus Curiae en el proceso CFP 002644/2025/1 Incidente Nº 1 — DENUNCIANTE: MILEI, JAVIER DENUNCIADO: MENGOLINI, JULIA s/INCIDENTE DE FALTA DE ACCION
";CELE;2026;2026-02-12;Documento de posición;38;ESP;"CELE, “Amicus Curiae en el proceso CFP 002644/2025/1 Incidente Nº 1 — DENUNCIANTE: MILEI, JAVIER DENUNCIADO: MENGOLINI, JULIA s/INCIDENTE DE FALTA DE ACCION
”, Documento de posición No. 38 (ESP), Centro de Estudios en Libertad de Expresión (CELE), Buenos Aires (2026)";https://www.palermo.edu/Archivos_content/2026/cele/febrero/DP_38.pdf
El discurso de odio como modo de censura. Sobre el "caso Biasi" en la Argentina;Agustina Del Campo, Ramiro Álvarez Ugarte, Matías González Mama, Francesca Chocano Villanueva, y Nicolás Zara;2026;2026-01;Documento de posición;37;;Agustina Del Campo, Ramiro Álvarez Ugarte, Matías González Mama, Francesca Chocano Villanueva, y Nicolás Zara, “El discurso de odio como modo de censura. Sobre el "caso Biasi" en la Argentina”, Documento de posición No. 37, Centro de Estudios en Libertad de Expresión (CELE), Buenos Aires (2026);https://www.palermo.edu/Archivos_content/2026/cele/marzo/dp_37.pdf
"Amicus curiae en el juicio para la protección de los derechos político-electorales del ciudadano promovido por R3D ante el Tribunal Electoral del Poder Judicial de la Federación de México
";CELE;2025;2025-12-11;Documento de posición;36;ESP;"CELE, “Amicus curiae en el juicio para la protección de los derechos político-electorales del ciudadano promovido por R3D ante el Tribunal Electoral del Poder Judicial de la Federación de México
”, Documento de posición No. 36 (ESP), Centro de Estudios en Libertad de Expresión (CELE), Buenos Aires (2025)";https://www.palermo.edu/Archivos_content/2025/cele/diciembre/DP_36.pdf
Observaciones del CELE a la Solicitud de Opinión Consultiva sobre Democracia y su protección ante el Sistema Interamericano de Derechos Humanos presentada por Guatemala ante la Corte Interamericana de Derechos Humanos;CELE;2025;2025-11-17;Documento de posición;35;ESP;CELE, “Observaciones del CELE a la Solicitud de Opinión Consultiva sobre Democracia y su protección ante el Sistema Interamericano de Derechos Humanos presentada por Guatemala ante la Corte Interamericana de Derechos Humanos”, Documento de posición No. 35 (ESP), Centro de Estudios en Libertad de Expresión (CELE), Buenos Aires (2025);https://www.palermo.edu/Archivos_content/2025/cele/noviembre/DP_35.pdf
Tribunal Europeo de Derechos Humanos: Caso de Google LLC y otros contra Rusia;CELE;2025;2025-11-05;Informe de jurisprudencia;5;ESP;CELE, “Tribunal Europeo de Derechos Humanos: Caso de Google LLC y otros contra Rusia”, Informe de jurisprudencia No. 5 (ESP), Centro de Estudios en Libertad de Expresión (CELE), Buenos Aires (2025);https://observatoriolegislativocele.com/wp-content/uploads/informe-de-jurisprudencia-5-rusia.pdf
CELE’s input on recurrent and prominent systemic risks in the EU and on measures for their mitigation;Nicolás Zara;2025;2025-04;Documento de posición;34;ENG;Nicolás Zara, “CELE’s input on recurrent and prominent systemic risks in the EU and on measures for their mitigation”, Documento de posición No. 34 (ENG), Centro de Estudios en Libertad de Expresión (CELE), Buenos Aires (2025);https://www.palermo.edu/Archivos_content/2025/cele/abril/dp34.pdf
Aportación Conjunta de Organizaciones de la Sociedad Civil y Academia sobre la X Cumbre de las Américas: "Construyendo un Hemisferio Seguro, Sostenible y de Prosperidad Compartida";Article 19, CELE, Derechos Digitales, et al. ;2025;2025-08-30;Documento de posición;33;ESP;Article 19, CELE, Derechos Digitales, et al. , “Aportación Conjunta de Organizaciones de la Sociedad Civil y Academia sobre la X Cumbre de las Américas: "Construyendo un Hemisferio Seguro, Sostenible y de Prosperidad Compartida"”, Documento de posición No. 33 (ESP), Centro de Estudios en Libertad de Expresión (CELE), Buenos Aires (2025);https://www.palermo.edu/Archivos_content/2025/cele/agosto/08_2025_DP33.pdf
CELE submission to the Committee of Ministers’ public consultation on the draft recommendation on online safety and empowerment of content creators and users;Nicolás Zara;2025;2025-08-07;Documento de posición;32;ENG;Nicolás Zara, “CELE submission to the Committee of Ministers’ public consultation on the draft recommendation on online safety and empowerment of content creators and users”, Documento de posición No. 32 (ENG), Centro de Estudios en Libertad de Expresión (CELE), Buenos Aires (2025);https://www.palermo.edu/Archivos_content/2025/cele/agosto/08_2025_DP32.pdf
CELE submission to the Committee of Ministers’ public consultation on the Draft Guidance Note on the Implications of Generative Artificial Intelligence for Freedom of Expression;Vladimir Garay y Matías González Mama;2025;2025-08-12;Documento de posición;31;ENG;Agustina del Campo y Ramiro Álvarez Ugarte, “Trust and Safety's Blindspots: A Latin American Perspective”, Artículo de investigación No. 68 (ENG), Centro de Estudios en Libertad de Expresión (CELE), Buenos Aires. En Maia Levy Daniel, Amanda Menking, Marlyn Thomas Savio, & Jean Claffey, Trust, Safety, and the Internet We Share: Multistakeholder Insights, Taylor and Francis (fin de 2025)";https://www.palermo.edu/Archivos_content/2025/cele/agosto/08_2025_DP31.pdf
Public Consultation on Freedom of Expression and Artificial Intelligence;Vladimir Garay. Matías González Mama, Nicolás Zara, Agustina Del Campo;2025;2025-07-28;Documento de posición;30;ENG;Vladimir Garay. Matías González Mama, Nicolás Zara, Agustina Del Campo, “Public Consultation on Freedom of Expression and Artificial Intelligence”, Documento de posición No. 30 (ENG), Centro de Estudios en Libertad de Expresión (CELE), Buenos Aires (2025);https://www.palermo.edu/Archivos_content/2025/cele/agosto/07_2025_DP30.pdf
CELE submission to the Office of the Special Rapporteur for Freedom of Opinion and Expression;Agustina Del Campo, Vladimir Garay, Nicolás Zara;2025;2025-07-21;Documento de posición;29;ENG;Agustina del Campo y Ramiro Álvarez Ugarte, “Trust and Safety's Blindspots: A Latin American Perspective”, Artículo de investigación No. 68 (ENG), Centro de Estudios en Libertad de Expresión (CELE), Buenos Aires. En Maia Levy Daniel, Amanda Menking, Marlyn Thomas Savio, & Jean Claffey, Trust, Safety, and the Internet We Share: Multistakeholder Insights, Taylor and Francis (fin de 2025)";https://www.palermo.edu/Archivos_content/2025/cele/julio/07_2025_DP29.pdf
Concepto solicitado por la Corte Constitucional - Acción de tutela presentada por Daniela contra Marcos.;CELE, FLIP, el Veinte y Fundacion Karisma;2025;2025-07-01;Documento de posición;28;ESP;CELE, FLIP, el Veinte y Fundacion Karisma, “Concepto solicitado por la Corte Constitucional - Acción de tutela presentada por Daniela contra Marcos.”, Documento de posición No. 28 (ESP), Centro de Estudios en Libertad de Expresión (CELE), Buenos Aires (2025);https://www.palermo.edu/Archivos_content/2025/cele/julio/07_2025_DP_28.pdf
Colombia. Sentencia T-149 de 2025: Violencia de género digital política y libertad de expresión;Lina Palacios;2025;2025-06-23;Informe de jurisprudencia;4;ESP;Lina Palacios, “Colombia. Sentencia T-149 de 2025: Violencia de género digital política y libertad de expresión”, Informe de jurisprudencia No. 4 (ESP), Centro de Estudios en Libertad de Expresión (CELE), Buenos Aires (2025);https://www.palermo.edu/Archivos_content/2025/cele/junio/06_2025_DP28.pdf
México. Amparo en revisión 767/2023 y principio de no responsabilidad de intermediarios;Matías González Mama y Francesca Chocano;2025;2025-04-01;Informe de jurisprudencia;3;ESP;Matías González Mama y Francesca Chocano, “México. Amparo en revisión 767/2023 y principio de no responsabilidad de intermediarios”, Informe de jurisprudencia No. 3 (ESP), Centro de Estudios en Libertad de Expresión (CELE), Buenos Aires (2025);https://observatoriolegislativocele.com/wp-content/uploads/informe-jurisprudencia-mexico-3.pdf
"Brasil - Análisis de la Constitucionalidad del
Artículo 19 del Marco Civil de Internet";Matías González Mama y Francesca Chocano;2025;2025-04-01;Informe de jurisprudencia;2;ESP;"Matías González Mama y Francesca Chocano, “Brasil - Análisis de la Constitucionalidad del
Artículo 19 del Marco Civil de Internet”, Informe de jurisprudencia No. 2 (ESP), Centro de Estudios en Libertad de Expresión (CELE), Buenos Aires (2025)";https://observatoriolegislativocele.com/wp-content/uploads/Informe-jurisprudencia-brasil-n%C2%B02.pdf
El Nuevo Proyecto de Ley Orgánica de Libertad de Expresión y Medios Audiovisuales;CELE;2025;2025-06-05;Informe legislativo;15;ESP;CELE, “El Nuevo Proyecto de Ley Orgánica de Libertad de Expresión y Medios Audiovisuales”, Informe legislativo No. 15 (ESP), Centro de Estudios en Libertad de Expresión (CELE), Buenos Aires (2025);https://observatoriolegislativocele.com/wp-content/uploads/Informe-legislativo-15-RD.pdf
Contribution to the preparation of the report on the challenges and risks regarding discrimination and the unequal enjoyment of the right to privacy associated with the collection and processing of data;CELE;2025;2025-05-28;Documento de posición;27;ENG;CELE, “Contribution to the preparation of the report on the challenges and risks regarding discrimination and the unequal enjoyment of the right to privacy associated with the collection and processing of data”, Documento de posición No. 27 (ENG), Centro de Estudios en Libertad de Expresión (CELE), Buenos Aires (2025);https://www.palermo.edu/Archivos_content/2025/cele/mayo/dp27.pdf
Submission in response to the Call for Evidence in connection with the development of the European Democracy Shield;CELE;2025;2025-05-25;Documento de posición;26;ENG;CELE, “Submission in response to the Call for Evidence in connection with the development of the European Democracy Shield”, Documento de posición No. 26 (ENG), Centro de Estudios en Libertad de Expresión (CELE), Buenos Aires (2025);https://www.palermo.edu/Archivos_content/2025/cele/mayo/25_05_2025_DP_26.pdf
Comentarios al proyecto de Ley Modelo Interamericana para prevenir, sancionar y erradicar la violencia digital contra las mujeres por razones de género;CELE;2025;2025-04-08;Documento de posición;25;ESP;CELE, “Comentarios al proyecto de Ley Modelo Interamericana para prevenir, sancionar y erradicar la violencia digital contra las mujeres por razones de género”, Documento de posición No. 25 (ESP), Centro de Estudios en Libertad de Expresión (CELE), Buenos Aires (2025);https://www.palermo.edu/Archivos_content/2025/cele/abril/2025_04_08_CELE_MESECVI.pdf
Ficha Legislativa sobre PL Colombia que regula acceso a menores de edad a redes sociales;CELE;2025;2025-03-05;Informe legislativo;14;;CELE, “Ficha Legislativa sobre PL Colombia que regula acceso a menores de edad a redes sociales”, Informe legislativo No. 14, Centro de Estudios en Libertad de Expresión (CELE), Buenos Aires (2025);https://observatoriolegislativocele.com/wp-content/uploads/Informe-legislativo-14-Colombia.pdf
"Brasil - Proyecto de Ley 4691/2024 sobre la Protección de las Libertades Constitucionales y
Derechos Fundamentales en las plataformas, servicios y mercados digitales en Internet. ";Matías Gonzalez Mama y Francesca Chocano;2025;2025-03-10;Informe legislativo;13;;"Matías Gonzalez Mama y Francesca Chocano, “Brasil - Proyecto de Ley 4691/2024 sobre la Protección de las Libertades Constitucionales y
Derechos Fundamentales en las plataformas, servicios y mercados digitales en Internet. ”, Informe legislativo No. 13, Centro de Estudios en Libertad de Expresión (CELE), Buenos Aires (2025)";https://observatoriolegislativocele.com/wp-content/uploads/Informe-legislativo-13-Brasil.pdf
Antecedentes y debate sobre el proyecto de Ley de Medios recientemente aprobado en Uruguay;Matías Gonzalez Mama y Francesca Chocano;2024;2024-08;Informe legislativo;13;;Matías Gonzalez Mama y Francesca Chocano, “Antecedentes y debate sobre el proyecto de Ley de Medios recientemente aprobado en Uruguay”, Informe legislativo No. 13, Centro de Estudios en Libertad de Expresión (CELE), Buenos Aires (2024);https://observatoriolegislativocele.com/wp-content/uploads/ley-medios-uruguay-1-3.pdf
Chile - Proyecto de ley sobre “trastornos” de la información en línea;CELE;2024;2024-07;Informe legislativo;12;;CELE, “Chile - Proyecto de ley sobre “trastornos” de la información en línea”, Informe legislativo No. 12, Centro de Estudios en Libertad de Expresión (CELE), Buenos Aires (2024);https://observatoriolegislativocele.com/wp-content/uploads/240731-chile-proyecto-de-ley.pdf
La penalización de actos de blasfemia en Dinamarca.
;CELE;2023;2023-11;Informe legislativo;11;;CELE, “La penalización de actos de blasfemia en Dinamarca.
”, Informe legislativo No. 11, Centro de Estudios en Libertad de Expresión (CELE), Buenos Aires (2023);https://observatoriolegislativocele.com/wp-content/uploads/Informe-legislativo-11_2023.pdf
Proyecto de ley contra la violencia de género en la vida política de la mujer.;Matías Gonzalez Mama y Lina Paola Velásquez Veloza;2023;2023-10;Informe legislativo;10;;Matías Gonzalez Mama y Lina Paola Velásquez Veloza, “Proyecto de ley contra la violencia de género en la vida política de la mujer.”, Informe legislativo No. 10, Centro de Estudios en Libertad de Expresión (CELE), Buenos Aires (2023);https://observatoriolegislativocele.com/wp-content/uploads/Informe-legislativo-10_2023.pdf
Análisis de Jurisprudencia en casos recientes de libertad de expresión e Internet;CELE;2025;2025-02-01;Informe de jurisprudencia;1;;CELE, “Análisis de Jurisprudencia en casos recientes de libertad de expresión e Internet”, Informe de jurisprudencia No. 1, Centro de Estudios en Libertad de Expresión (CELE), Buenos Aires (2025);https://observatoriolegislativocele.com/wp-content/uploads/250122-jurisprudencia-casos-controvertidos.pdf
Submission in response to OFCOM’s call for evidence regarding “Researchers’ access to information from regulated online services”;CELE;2025;2025-01-14;Documento de posición;24;;CELE, “Submission in response to OFCOM’s call for evidence regarding “Researchers’ access to information from regulated online services””, Documento de posición No. 24, Centro de Estudios en Libertad de Expresión (CELE), Buenos Aires (2025);https://www.palermo.edu/Archivos_content/2025/cele/enero/2025-01-14-DP24-CELE.pdf
Submission to the Thematic Report on "Freedom of Expression and Elections in the Digital Age";CELE;2025;2025-01-01;Documento de posición;23;;CELE, “Submission to the Thematic Report on "Freedom of Expression and Elections in the Digital Age"”, Documento de posición No. 23, Centro de Estudios en Libertad de Expresión (CELE), Buenos Aires (2025);https://www.palermo.edu/Archivos_content/2025/cele/enero/2025_01_20_DP23_.pdf
Submission in response to the Public Consultation on the draft delegated act on access to online platform data for vetted researchers under the Digital Services Act (DSA);CELE & Internetlab;2024;2024-10-12;Documento de posición;22;ENG;CELE & Internetlab, “Submission in response to the Public Consultation on the draft delegated act on access to online platform data for vetted researchers under the Digital Services Act (DSA)”, Documento de posición No. 22 (ENG), Centro de Estudios en Libertad de Expresión (CELE), Buenos Aires (2024);https://www.palermo.edu/Archivos_content/2024/cele/diciembre/2024_12_10_DP22_CELE%20(1).pdf
Submission in response to OFCOM'S Consultation on transparency guidance;CELE;2024;2024-10-01;Documento de posición;21;;CELE, “Submission in response to OFCOM'S Consultation on transparency guidance”, Documento de posición No. 21, Centro de Estudios en Libertad de Expresión (CELE), Buenos Aires (2024);https://www.palermo.edu/Archivos_content/2024/cele/octubre/2014_10_04_DP21_CELE.pdf
Submission in response to the Call for Evidence for the development of guidelines for the protection of minors under Article 28 (4) of the DSA;CELE;2024;2024-09;Documento de posición;20;;CELE, “Submission in response to the Call for Evidence for the development of guidelines for the protection of minors under Article 28 (4) of the DSA”, Documento de posición No. 20, Centro de Estudios en Libertad de Expresión (CELE), Buenos Aires (2024);https://www.palermo.edu/Archivos_content/2024/cele/septiembre/2024_09_30_DP20_CELE.pdf
Amicus curiae en la acción de tutela interpuesta por José Manuel Vega de la Cruz en contra de la Gobernación del Departamento de Cesar (Corte Constitucional de Colombia);CELE;2024;2024-08;Documento de posición;19;;CELE, “Amicus curiae en la acción de tutela interpuesta por José Manuel Vega de la Cruz en contra de la Gobernación del Departamento de Cesar (Corte Constitucional de Colombia)”, Documento de posición No. 19, Centro de Estudios en Libertad de Expresión (CELE), Buenos Aires (2024);https://www.palermo.edu/Archivos_content/2024/cele/agosto/amicus-colombia/2024_08_CELE_DP19.pdf
Amicus curiae en la causa "Gisele Zuni Mousques c/Christian Chena Y Otros s/ violencia contra la mujer" (Paraguay);TEDIC, CELE, y Wikimedia Foundation;2024;2024-08;Documento de posición;18;;TEDIC, CELE, y Wikimedia Foundation, “Amicus curiae en la causa "Gisele Zuni Mousques c/Christian Chena Y Otros s/ violencia contra la mujer" (Paraguay)”, Documento de posición No. 18, Centro de Estudios en Libertad de Expresión (CELE), Buenos Aires (2024);https://www.palermo.edu/Archivos_content/2024/cele/agosto/amicus-paraguay/TEDIC_et_al_DP18.pdf
A Latin American Perspective on Global Governance for Digital Platform Accountability. Access Now and CELE's Submission to the T20 process. ;Agneris Sampietri, Ramiro Álvarez Ugarte, Matías González Mama;2024;2024-07;Documento de posición;17;ENG;Agneris Sampietri, Ramiro Álvarez Ugarte, Matías González Mama, “A Latin American Perspective on Global Governance for Digital Platform Accountability. Access Now and CELE's Submission to the T20 process. ”, Documento de posición No. 17 (ENG), Centro de Estudios en Libertad de Expresión (CELE), Buenos Aires (2024);https://www.palermo.edu/Archivos_content/2024/cele/agosto/t-20/TF05_ST_06__A_Latin_American_P66d7097f98d4f.pdf
Submission on European Commission Consultation on the draft Digital Services Act (DSA) guidelines on the integrity of electoral processes;CELE;2024;2024-03-07;Documento de posición;16;;CELE, “Submission on European Commission Consultation on the draft Digital Services Act (DSA) guidelines on the integrity of electoral processes”, Documento de posición No. 16, Centro de Estudios en Libertad de Expresión (CELE), Buenos Aires (2024);https://www.palermo.edu/Archivos_content/2024/cele/marzo/2024_03_07_DP16.pdf
Submission on OFCOM’s Consultation: Protecting people from illegal harms online;CELE;2024;2024-02;Documento de posición;15;;CELE, “Submission on OFCOM’s Consultation: Protecting people from illegal harms online”, Documento de posición No. 15, Centro de Estudios en Libertad de Expresión (CELE), Buenos Aires (2024);https://docs.google.com/document/d/1ciBvMEx4M5qQGk7mCTI962b-6s3gpAt8/edit?usp=sharing&ouid=103019842338573833357&rtpof=true&sd=true
Submission on the Draft Delegated Act on Transparency Reports (detailed rules and templates) under the DSA;CELE;2024;2024-01-01;Documento de posición;14;;CELE, “Submission on the Draft Delegated Act on Transparency Reports (detailed rules and templates) under the DSA”, Documento de posición No. 14, Centro de Estudios en Libertad de Expresión (CELE), Buenos Aires (2024);https://www.palermo.edu/Archivos_content/2024/cele/paper-dsa/dsa.pdf
Amicus curiae Ulrich Richter Morales y Claudia Ramírez Tavera vs. Google Inc. y Google México;CELE;2024;2024-05-09;Documento de posición;13;;CELE, “Amicus curiae Ulrich Richter Morales y Claudia Ramírez Tavera vs. Google Inc. y Google México”, Documento de posición No. 13, Centro de Estudios en Libertad de Expresión (CELE), Buenos Aires (2024);https://www.palermo.edu/Archivos_content/2024/cele/mayo/2024_05_09_DP13_CELE.pdf
Amicus curiae Colombia (violencia política);CELE;2023;2023-11;Documento de posición;12;;CELE, “Amicus curiae Colombia (violencia política)”, Documento de posición No. 12, Centro de Estudios en Libertad de Expresión (CELE), Buenos Aires (2023);https://www.palermo.edu/Archivos_content/2023/cele/papers/Amicus_Colombia.pdf
CELE's Submission for the Call for Papers on Global AI Governance of the Office of the UN Secretary General's Envoy on Technology;CELE;2023;2023-09;Documento de posición;11;;CELE, “CELE's Submission for the Call for Papers on Global AI Governance of the Office of the UN Secretary General's Envoy on Technology”, Documento de posición No. 11, Centro de Estudios en Libertad de Expresión (CELE), Buenos Aires (2023);https://www.palermo.edu/Archivos_content/2023/cele/CELE_ai_submission_v1.pdf
CELE's Submission on Glossary of Trust & Safety Terms;CELE;2023;2023-05;Documento de posición;10;;CELE, “CELE's Submission on Glossary of Trust & Safety Terms”, Documento de posición No. 10, Centro de Estudios en Libertad de Expresión (CELE), Buenos Aires (2023);https://www.palermo.edu/Archivos_content/2023/cele/papers/CELE_submission_Glossary.pdf
Amicus curiae Colombia (pena de prisión);CELE;2023;2023-05;Documento de posición;10;;CELE, “Amicus curiae Colombia (pena de prisión)”, Documento de posición No. 10, Centro de Estudios en Libertad de Expresión (CELE), Buenos Aires (2023);https://www.palermo.edu/Archivos_content/2023/cele/papers/Amicus-CELE.pdf
Nuevas discusiones sobre el proyecto de ley de noticias falsas en Brasil.
;Matías Gonzalez Mama y Lina Paola Velásquez Veloza;2023;2023-9;Informe legislativo;9;;Matías Gonzalez Mama y Lina Paola Velásquez Veloza, “Nuevas discusiones sobre el proyecto de ley de noticias falsas en Brasil.
”, Informe legislativo No. 9, Centro de Estudios en Libertad de Expresión (CELE), Buenos Aires (2023);https://observatoriolegislativocele.com/wp-content/uploads/Informe-legislativo-9_2023.pdf
Iniciativas legislativas sobre privacidad y protección de datos en Argentina, Brasil, Chile, Colombia, Ecuador, México, Guatemala, Paraguay y Perú, período 2019-2021;Olga Lucía Camacho Gutiérrez y Lina Paola Velásquez Veloza;2023;2023-03;Informe legislativo;8;;Olga Lucía Camacho Gutiérrez y Lina Paola Velásquez Veloza, “Iniciativas legislativas sobre privacidad y protección de datos en Argentina, Brasil, Chile, Colombia, Ecuador, México, Guatemala, Paraguay y Perú, período 2019-2021”, Informe legislativo No. 8, Centro de Estudios en Libertad de Expresión (CELE), Buenos Aires (2023);https://www.palermo.edu/Archivos_content/2022/cele/papers/iniciativas-legislativas-sobre-privacidad.pdf
La nueva Ley de Mercados Digitales europea;Olga Lucía Camacho Gutiérrez;2022;2022-10;Informe legislativo;7;;Olga Lucía Camacho Gutiérrez, “La nueva Ley de Mercados Digitales europea”, Informe legislativo No. 7, Centro de Estudios en Libertad de Expresión (CELE), Buenos Aires (2022);https://observatoriolegislativocele.com/wp-content/uploads/Reporte-3-La-nueva-Ley-de-Mercados-Digitales-europea.docx.pdf
La nueva Ley de Servicios Digitales europea;Olga Lucía Camacho Gutiérrez;2022;2022-10;Informe legislativo;6;;Olga Lucía Camacho Gutiérrez, “La nueva Ley de Servicios Digitales europea”, Informe legislativo No. 6, Centro de Estudios en Libertad de Expresión (CELE), Buenos Aires (2022);https://observatoriolegislativocele.com/wp-content/uploads/Reporte-2-La-nueva-Ley-de-Servicios-Digitales-europea.docx.pdf
Nueva actualización de la Ley de Protección de Datos Personales;Matías Gonzalez Mama y Lina Paola Velásquez Veloza;2022;2022-10;Informe legislativo;5;;Matías Gonzalez Mama y Lina Paola Velásquez Veloza, “Nueva actualización de la Ley de Protección de Datos Personales”, Informe legislativo No. 5, Centro de Estudios en Libertad de Expresión (CELE), Buenos Aires (2022);https://observatoriolegislativocele.com/wp-content/uploads/Reporte-8_-Argentina-Proyecto-de-Ley-de-Proteccion-de-Datos-Personales.pdf
Ley de Florida (SB 7072) sobre moderación de contenidos en las redes sociales;Lina Paola Velásquez Veloza;2022;2022-08;Informe legislativo;4;;Lina Paola Velásquez Veloza, “Ley de Florida (SB 7072) sobre moderación de contenidos en las redes sociales”, Informe legislativo No. 4, Centro de Estudios en Libertad de Expresión (CELE), Buenos Aires (2022);https://observatoriolegislativocele.com/wp-content/uploads/Reporte-5_-Estados-Unidos-Ley-de-Florida-SB-7072-sobre-moderacion-de-contenidos-en-las-redes-sociales.pdf
Proyecto de ley de “seguridad en línea” de Reino Unido;Olga Lucía Camacho Gutiérrez;2022;2022-08;Informe legislativo;3;;Olga Lucía Camacho Gutiérrez, “Proyecto de ley de “seguridad en línea” de Reino Unido”, Informe legislativo No. 3, Centro de Estudios en Libertad de Expresión (CELE), Buenos Aires (2022);https://observatoriolegislativocele.com/wp-content/uploads/Reporte-7_-Reino-Unido-Proyecto-de-ley-de-seguridad-en-linea.pdf
Aprobación en ciernes de la ley canadiense Online Streaming Act;Olga Lucía Camacho Gutiérrez;2022;2022-07;Informe legislativo;2;;Olga Lucía Camacho Gutiérrez, “Aprobación en ciernes de la ley canadiense Online Streaming Act”, Informe legislativo No. 2, Centro de Estudios en Libertad de Expresión (CELE), Buenos Aires (2022);https://observatoriolegislativocele.com/wp-content/uploads/Reporte-4_-Canada-Online-Streaming-Act.pdf
Reporte final de la Comisión de Derecho del Reino Unido Leyes sobre crímenes de odio;Matías González Mama;2022;2022-05;Informe legislativo;1;;Matías González Mama, “Reporte final de la Comisión de Derecho del Reino Unido Leyes sobre crímenes de odio”, Informe legislativo No. 1, Centro de Estudios en Libertad de Expresión (CELE), Buenos Aires (2022);https://observatoriolegislativocele.com/wp-content/uploads/Reporte-1_-Reino-Unido-Recomendaciones-sobre-Leyes-sobre-crimenes-de-odio.pdf
Amicus Curiae: el caso Natalia Denegri contra Google;Agustina del Campo y Ramiro Álvarez Ugarte;2022;2022-03;Documento de posición;9;;Agustina del Campo y Ramiro Álvarez Ugarte, “Amicus Curiae: el caso Natalia Denegri contra Google”, Documento de posición No. 9, Centro de Estudios en Libertad de Expresión (CELE), Buenos Aires (2022);https://www.palermo.edu/Archivos_content/2022/cele/marzo/amicus-curiae/amicus-curiae-cele.pdf
The Free Speech Recession Hits Home Mapping Laws and Regulations Affecting Free Speech in 22 Open Democracies de 2023; Justitia and the authors;2023;2023-04;Informe legislativo;;; Justitia and the authors, “The Free Speech Recession Hits Home Mapping Laws and Regulations Affecting Free Speech in 22 Open Democracies de 2023”, Informe legislativo No. , Centro de Estudios en Libertad de Expresión (CELE), Buenos Aires (2023);
Libertad de expresión en el Poder Legislativo brasileño: temas y tendencias;Thiago Dias Oliva, Clarice Tavares Macedo y Victor Pavarin Tavares;2020;2020-12;Informe legislativo;;;Thiago Dias Oliva, Clarice Tavares Macedo y Victor Pavarin Tavares, “Libertad de expresión en el Poder Legislativo brasileño: temas y tendencias”, Informe legislativo No. , Centro de Estudios en Libertad de Expresión (CELE), Buenos Aires (2020);https://www.palermo.edu/Archivos_content/2020/cele/diciembre/Observatorio-Brasil.pdf
Libertad de expresión y de discurso en Chile: desafíos y tensiones en el tránsito hacia una sociedad digital;Patricia Peña;2019;2019-10;Informe legislativo;;;Patricia Peña, “Libertad de expresión y de discurso en Chile: desafíos y tensiones en el tránsito hacia una sociedad digital”, Informe legislativo No. , Centro de Estudios en Libertad de Expresión (CELE), Buenos Aires (2019);https://www.palermo.edu/Archivos_content/2019/cele/octubre/libertad-de-expresion-y-discurso-Chile.pdf
Tendencias de la libertad de expresión en Colombia;Luisa Fernanda Isaza;2019;2019-10;Informe legislativo;;;Luisa Fernanda Isaza, “Tendencias de la libertad de expresión en Colombia”, Informe legislativo No. , Centro de Estudios en Libertad de Expresión (CELE), Buenos Aires (2019);https://www.palermo.edu/Archivos_content/2019/cele/octubre/Tendencias-de-la-libertad-de-expresion-en-Colombia.pdf
Tendencias en libertad de expresión en Guatemala;Álvaro Castellanos Howell;2019;2019-10;Informe legislativo;12;;Álvaro Castellanos Howell, “Tendencias en libertad de expresión en Guatemala”, Informe legislativo No. 12, Centro de Estudios en Libertad de Expresión (CELE), Buenos Aires (2019);https://www.palermo.edu/Archivos_content/2019/cele/octubre/Tendencias-de-la-libertad-de-expresion-en-Guatemala.pdf
Tendencias legislativas sobre libertad de expresión e internet en Paraguay;Camilo J. Filártiga Callizo;2019;2019-10;Informe legislativo;11;;Camilo J. Filártiga Callizo, “Tendencias legislativas sobre libertad de expresión e internet en Paraguay”, Informe legislativo No. 11, Centro de Estudios en Libertad de Expresión (CELE), Buenos Aires (2019);https://www.palermo.edu/Archivos_content/2019/cele/octubre/Tendencias-legislativas-en-Paraguay.pdf
Tendencias en libertad de expresión en Argentina;CELE;2018;2018-03;Informe legislativo;;;CELE, “Tendencias en libertad de expresión en Argentina”, Informe legislativo No. , Centro de Estudios en Libertad de Expresión (CELE), Buenos Aires (2018);https://www.palermo.edu/cele/pdf/Libertad_de_expresion_en_Argentina.pdf
Tendencias en libertad de expresión en Ecuador;CELE;2018;2018-03;Informe legislativo;;;CELE, “Tendencias en libertad de expresión en Ecuador”, Informe legislativo No. , Centro de Estudios en Libertad de Expresión (CELE), Buenos Aires (2018);https://www.palermo.edu/cele/pdf/Libertad_de_expresion_en_Ecuador.pdf
Tendencias en libertad de expresión en México;CELE;2018;2018-03;Informe legislativo;;;CELE, “Tendencias en libertad de expresión en México”, Informe legislativo No. , Centro de Estudios en Libertad de Expresión (CELE), Buenos Aires (2018);https://www.palermo.edu/cele/pdf/Libertad_de_expresion_en_Mexico.pdf
Tendencias en libertad de expresión en Perú;CELE;2018;2018-03;Informe legislativo;;;CELE, “Tendencias en libertad de expresión en Perú”, Informe legislativo No. , Centro de Estudios en Libertad de Expresión (CELE), Buenos Aires (2018);https://www.palermo.edu/cele/pdf/Libertad_de_expresion_en_Peru.pdf
Amicus curiae ante la Corte Suprema en el caso Cecilia Pando c/ Revista Barcelona;Agustina Del Campo;2017;2017-10;Documento de posición;8;;Agustina Del Campo, “Amicus curiae ante la Corte Suprema en el caso Cecilia Pando c/ Revista Barcelona”, Documento de posición No. 8, Centro de Estudios en Libertad de Expresión (CELE), Buenos Aires (2017);https://www.palermo.edu/cele/libertad-de-expresion/AMICUS_PANDO_VERSION_FINAL.pdf
Comentarios a los Principios sobre la protección de la libertad de expresión y la privacidad de Article 19;CELE;2016;2016-08;Documento de posición;7;;CELE, “Comentarios a los Principios sobre la protección de la libertad de expresión y la privacidad de Article 19”, Documento de posición No. 7, Centro de Estudios en Libertad de Expresión (CELE), Buenos Aires (2016);https://www.palermo.edu/cele/pdf/Comentarios-del-CELE-Principios-Article-19.pdf
Responsabilidad de intermediarios y derecho al olvido. Aportes para la discusión legislativa en Argentina;Verónica Ferrari y Daniela Schnidrig;2015;2015-06;Documento de posición;6;;Verónica Ferrari y Daniela Schnidrig, “Responsabilidad de intermediarios y derecho al olvido. Aportes para la discusión legislativa en Argentina”, Documento de posición No. 6, Centro de Estudios en Libertad de Expresión (CELE), Buenos Aires (2015);https://www.palermo.edu/cele/pdf/Policy_Paper_Derecho_al_Olvido.pdf
Contribuciones al informe de UNESCO "Fostering Freedom Online: the Role of Internet Intermediaries";MacKinnon Rebecca, Hickok Elonnai, Bar Allon and Lim, Hae-in;2015;2015-01;Informe legislativo;;;MacKinnon Rebecca, Hickok Elonnai, Bar Allon and Lim, Hae-in, “Contribuciones al informe de UNESCO "Fostering Freedom Online: the Role of Internet Intermediaries"”, Informe legislativo No. , Centro de Estudios en Libertad de Expresión (CELE), Buenos Aires (2015);https://unesdoc.unesco.org/ark:/48223/pf0000231162
Amicus curiae a la Corte Suprema en el caso María Belén Rodríguez c/ Google;Eduardo Andrés Bertoni;2014;2014-08;Documento de posición;5;;Eduardo Andrés Bertoni, “Amicus curiae a la Corte Suprema en el caso María Belén Rodríguez c/ Google”, Documento de posición No. 5, Centro de Estudios en Libertad de Expresión (CELE), Buenos Aires (2014);https://www.palermo.edu/cele/pdf/PRESENTA-AMICUS-CURIAE-BERTONI.pdf
Pedido de audiencia temática a la CIDH sobre el impacto de internet en la defensa y el ejercicio de los derechos humanos;Dr. Eduardo Bertoni;2014;2014-08;Documento de posición;4;;Dr. Eduardo Bertoni, “Pedido de audiencia temática a la CIDH sobre el impacto de internet en la defensa y el ejercicio de los derechos humanos”, Documento de posición No. 4, Centro de Estudios en Libertad de Expresión (CELE), Buenos Aires (2014);https://www.palermo.edu/cele/pdf/Solicitud-Audiencia-Internet-DDHH.pdf
Carta de Derechos Humanos y Principios de Internet;CELE;2014;2014-02;Documento de posición;3;;CELE, “Carta de Derechos Humanos y Principios de Internet”, Documento de posición No. 3, Centro de Estudios en Libertad de Expresión (CELE), Buenos Aires (2014);https://www.palermo.edu/cele/pdf/Carta-DDHH-&-Internet-Espanol.pdf
Amicus curiae junto a Human Rights Watch ante la Corte Constitucional de Ecuador por el artículo sobre desacato del Código Penal ecuatoriano;CELE;2012;2012-11;Documento de posición;2;;CELE, “Amicus curiae junto a Human Rights Watch ante la Corte Constitucional de Ecuador por el artículo sobre desacato del Código Penal ecuatoriano”, Documento de posición No. 2, Centro de Estudios en Libertad de Expresión (CELE), Buenos Aires (2012);https://www.palermo.edu/Archivos_content/derecho/pdf/amicus-corte-const-ecuador-HRW-CELE-1.pdf
Informe de UNESCO "Global survey on Internet privacy and freedom of expression";Mendel Toby, Puddephatt Andrew, Wagner Ben, Hawtin Dixie, Torres Natalia;2012;2012-11;Informe legislativo;;;Mendel Toby, Puddephatt Andrew, Wagner Ben, Hawtin Dixie, Torres Natalia, “Informe de UNESCO "Global survey on Internet privacy and freedom of expression"”, Informe legislativo No. , Centro de Estudios en Libertad de Expresión (CELE), Buenos Aires (2012);https://unesdoc.unesco.org/ark:/48223/pf0000218273
Amicus curiae ante la Corte Constitucional de Colombia en el marco del proceso de revisión de la Ley 1520 (Ley Lleras);Eduardo Bertoni;2012;2012-08;Documento de posición;1;;Eduardo Bertoni, “Amicus curiae ante la Corte Constitucional de Colombia en el marco del proceso de revisión de la Ley 1520 (Ley Lleras)”, Documento de posición No. 1, Centro de Estudios en Libertad de Expresión (CELE), Buenos Aires (2012);https://www.palermo.edu/cele/pdf/Amicus-Curie-CELE.pdf
Comentarios al anteproyecto de Ley de Transparencia Acceso a la Información pública y Buen Gobierno de España;OSCE;2012;2012-04;Informe legislativo;;;OSCE, “Comentarios al anteproyecto de Ley de Transparencia Acceso a la Información pública y Buen Gobierno de España”, Informe legislativo No. , Centro de Estudios en Libertad de Expresión (CELE), Buenos Aires (2012);https://www.osce.org/fom/89577
El CELE presenta recomendaciones para la Ley Modelo de Acceso a la Información en África;Eduardo Bertoni;2011;2011-11;Informe legislativo;;;Eduardo Bertoni, “El CELE presenta recomendaciones para la Ley Modelo de Acceso a la Información en África”, Informe legislativo No. , Centro de Estudios en Libertad de Expresión (CELE), Buenos Aires (2011);https://www.palermo.edu/cele/pdf/investigaciones/AU-Draft-Model-Law-CELE.pdf
Recomendaciones en base al tercer proyecto de dictamen elaborado por el senador Samuel Cabanchik a la Comisión de Asuntos Constitucionales del Honorable Senado de la Nación;Eduardo Bertoni;2010;2010-09;Informe legislativo;;;Eduardo Bertoni, “Recomendaciones en base al tercer proyecto de dictamen elaborado por el senador Samuel Cabanchik a la Comisión de Asuntos Constitucionales del Honorable Senado de la Nación”, Informe legislativo No. , Centro de Estudios en Libertad de Expresión (CELE), Buenos Aires (2010);https://www.palermo.edu/cele/pdf/noticias/cele-cabanchik.pdf
Apuntes para la presentación del profesor Eduardo Bertoni sobre el proyecto de ley de acceso a la información pública;Eduardo Bertoni;2010;2010-06;Informe legislativo;;;Eduardo Bertoni, “Apuntes para la presentación del profesor Eduardo Bertoni sobre el proyecto de ley de acceso a la información pública”, Informe legislativo No. , Centro de Estudios en Libertad de Expresión (CELE), Buenos Aires (2010);https://www.palermo.edu/cele/pdf/Presentacion-senado.pdf